customer_id,segment,product,mrr,active_users,ai_enabled,live_expert,data_connections,is_trial,churn_signal,days_inactive
C-1421,SMB,QB_ONLINE,87.11,3,true,false,1,false,false,4
C-1421,SMB,QB_PAYROLL,66.93,3,true,false,5,false,false,0
C-1421,SMB,MAILCHIMP,41.38,1,false,false,0,false,false,5
C-1189,CONSUMER,TURBOTAX,0.00,1,false,false,0,false,false,127
C-1000,SMB,QB_ONLINE,82.59,3,false,true,8,false,false,1
C-1000,SMB,QB_PAYROLL,63.09,3,false,false,5,false,false,0
C-1163,CONSUMER,TURBOTAX,0.00,1,false,false,0,false,false,28
C-1133,CONSUMER,TURBOTAX,0.00,1,false,false,0,false,false,279
C-1133,CONSUMER,CREDIT_KARMA,0.00,1,true,false,1,false,false,7
C-1343,CONSUMER,TURBOTAX_LIVE,120.00,1,false,true,0,false,false,140
C-1459,CONSUMER,TURBOTAX,0.00,1,false,false,0,false,false,222
C-1176,SMB,QB_ONLINE,89.72,3,true,false,4,false,false,2
C-1176,SMB,QB_PAYROLL,64.98,3,false,false,1,false,false,4
C-1166,ACCOUNTANT,QB_ONLINE_ADVANCED,266.93,15,true,true,25,false,false,0
C-1368,CONSUMER,TURBOTAX,0.00,1,false,false,0,false,false,125
C-1368,CONSUMER,CREDIT_KARMA,0.00,1,true,false,1,false,false,5
C-1286,CONSUMER,TURBOTAX,0.00,1,false,false,0,false,false,212
C-1191,SMB,QB_ONLINE,85.95,3,false,false,5,false,false,0
C-1191,SMB,QB_PAYROLL,66.17,3,true,false,4,false,false,1
C-1436,ACCOUNTANT,QB_ONLINE_ADVANCED,266.54,15,true,true,25,false,false,0
C-1201,ACCOUNTANT,QB_ONLINE_ADVANCED,258.56,15,true,true,25,false,false,0
C-1240,CONSUMER,TURBOTAX_LIVE,120.00,1,false,true,0,false,false,278
C-1259,SMB,QB_ONLINE,87.90,3,false,false,6,false,false,5
C-1180,SMB,QB_ONLINE,80.03,3,true,false,3,false,false,1
C-1290,ACCOUNTANT,QB_ONLINE_ADVANCED,246.78,15,true,true,25,false,false,0
C-1112,SMB,QB_ONLINE,87.99,3,true,false,2,false,false,1
C-1314,CONSUMER,TURBOTAX,0.00,1,false,false,0,false,false,287
C-1103,SMB,QB_ONLINE,85.62,3,true,false,6,false,false,5
C-1103,SMB,QB_PAYROLL,63.89,3,false,false,8,false,false,1
C-1197,CONSUMER,TURBOTAX,0.00,1,false,false,0,false,false,266
C-1197,CONSUMER,CREDIT_KARMA,0.00,1,true,false,1,false,false,3
C-1162,SMB,QB_ONLINE,80.57,3,true,false,7,false,false,4
C-1162,SMB,MAILCHIMP,47.62,1,false,false,0,false,false,4
C-1348,SMB,QB_ONLINE,82.14,3,true,false,5,false,false,0
C-1326,CONSUMER,TURBOTAX,0.00,1,false,false,0,false,false,120
C-1326,CONSUMER,CREDIT_KARMA,0.00,1,true,false,1,false,false,1
C-1297,ACCOUNTANT,QB_ONLINE_ADVANCED,240.37,15,true,true,25,false,false,0
C-1027,CONSUMER,TURBOTAX,0.00,1,false,false,0,false,false,271
C-1118,CONSUMER,TURBOTAX,0.00,1,false,false,0,false,false,41
C-1118,CONSUMER,CREDIT_KARMA,0.00,1,true,false,1,false,false,3
C-1482,SMB,QB_ONLINE,85.10,3,true,false,3,false,false,4
C-1482,SMB,QB_PAYROLL,64.17,3,true,false,4,false,false,0
C-1433,CONSUMER,TURBOTAX,0.00,1,false,false,0,false,false,191
C-1355,CONSUMER,TURBOTAX,0.00,1,false,false,0,false,false,142
C-1200,ACCOUNTANT,QB_ONLINE_ADVANCED,250.42,15,true,true,25,false,false,0
C-1065,CONSUMER,TURBOTAX_LIVE,120.00,1,false,true,0,false,false,122
C-1150,SMB,QB_ONLINE,83.20,3,true,false,7,false,false,2
C-1150,SMB,QB_PAYROLL,65.58,3,false,false,2,false,false,3
C-1028,SMB,QB_ONLINE,80.80,3,false,false,1,false,false,1
C-1028,SMB,QB_PAYROLL,66.55,3,true,false,1,false,false,0
C-1028,SMB,MAILCHIMP,40.57,1,false,false,0,false,false,2
C-1309,CONSUMER,TURBOTAX,0.00,1,false,false,0,false,false,208
C-1443,SMB,QB_ONLINE,88.34,3,false,false,5,false,false,0
C-1443,SMB,MAILCHIMP,41.19,1,false,false,0,false,false,4
C-1012,SMB,QB_ONLINE,85.82,3,false,false,2,false,false,4
C-1328,ACCOUNTANT,QB_ONLINE_ADVANCED,249.62,15,true,true,25,false,false,0
C-1427,ACCOUNTANT,QB_ONLINE_ADVANCED,234.19,15,true,true,25,false,false,0
C-1229,CONSUMER,TURBOTAX,0.00,1,false,false,0,false,false,231
C-1229,CONSUMER,CREDIT_KARMA,0.00,1,true,false,1,false,false,6
C-1128,SMB,QB_ONLINE,89.85,3,true,false,1,false,false,0
C-1495,ACCOUNTANT,QB_ONLINE_ADVANCED,244.28,15,true,true,25,false,false,0
C-1218,SMB,QB_ONLINE,80.52,3,false,false,6,false,false,3
C-1093,SMB,QB_ONLINE,81.45,3,true,false,3,false,false,0
C-1093,SMB,QB_PAYROLL,66.07,3,true,false,2,false,false,4
C-1086,SMB,QB_ONLINE,81.42,3,true,false,6,false,false,1
C-1405,SMB,QB_ONLINE,87.47,3,false,false,1,false,false,5
C-RISK-99,SMB,QB_ONLINE,250.00,5,false,false,0,false,true,46
C-1405,SMB,QB_PAYROLL,65.09,3,false,false,3,false,false,5
C-1300,SMB,QB_ONLINE,85.92,3,true,false,7,false,false,4
C-1300,SMB,QB_PAYROLL,64.92,3,false,false,1,false,false,0
C-1124,SMB,QB_ONLINE,80.50,3,false,false,1,false,false,4
C-1304,SMB,QB_ONLINE,80.07,3,false,false,1,false,false,2
C-1083,ACCOUNTANT,QB_ONLINE_ADVANCED,252.87,15,true,true,25,false,false,0
C-1494,ACCOUNTANT,QB_ONLINE_ADVANCED,242.24,15,true,true,25,false,false,0
C-1473,CONSUMER,TURBOTAX_LIVE,120.00,1,false,true,0,false,false,155
C-1473,CONSUMER,CREDIT_KARMA,0.00,1,true,false,1,false,false,4
C-1460,CONSUMER,TURBOTAX_LIVE,120.00,1,false,true,0,false,false,198
C-1460,CONSUMER,CREDIT_KARMA,0.00,1,true,false,1,false,false,7
C-1120,CONSUMER,TURBOTAX,0.00,1,false,false,0,false,false,97
C-1016,SMB,QB_ONLINE,81.96,3,false,false,4,false,false,3
C-1016,SMB,QB_PAYROLL,66.39,3,true,false,2,false,false,2
C-1016,SMB,MAILCHIMP,40.79,1,false,false,0,false,false,3
C-1342,CONSUMER,TURBOTAX,0.00,1,false,false,0,false,false,218
C-GOLD-1,SMB,QB_PAYROLL,65.00,10,true,true,12,false,false,1
C-1352,CONSUMER,TURBOTAX,0.00,1,false,false,0,false,false,174
C-1038,CONSUMER,TURBOTAX_LIVE,120.00,1,false,true,0,false,false,75
C-GOLD-1,SMB,QB_ONLINE,85.00,10,true,true,12,false,false,1
C-1038,CONSUMER,CREDIT_KARMA,0.00,1,true,false,1,false,false,7
C-1127,SMB,QB_ONLINE,81.87,3,false,false,4,false,false,4
C-1260,CONSUMER,TURBOTAX,0.00,1,false,false,0,false,false,174
C-1373,CONSUMER,TURBOTAX,0.00,1,false,false,0,false,false,59
C-1373,CONSUMER,CREDIT_KARMA,10.00,1,true,false,1,false,false,6
C-1236,SMB,QB_ONLINE,88.35,3,false,false,6,false,false,0
C-1236,SMB,QB_PAYROLL,66.96,3,false,false,7,false,false,5
C-1481,ACCOUNTANT,QB_ONLINE_ADVANCED,244.53,15,true,true,25,false,false,0
C-1119,SMB,QB_ONLINE,88.06,3,false,false,8,false,false,2
C-1119,SMB,QB_PAYROLL,63.39,3,true,false,3,false,false,4
C-1187,ACCOUNTANT,QB_ONLINE_ADVANCED,241.27,15,true,true,25,false,false,0
C-1496,ACCOUNTANT,QB_ONLINE_ADVANCED,257.29,15,true,true,25,false,false,0
C-1417,CONSUMER,TURBOTAX,0.00,1,false,false,0,false,false,297
C-1167,CONSUMER,TURBOTAX,0.00,1,false,false,0,false,false,173
C-1497,ACCOUNTANT,QB_ONLINE_ADVANCED,242.00,15,true,true,25,false,false,0
C-1104,CONSUMER,TURBOTAX_LIVE,120.00,1,false,true,0,false,false,196
C-1074,CONSUMER,TURBOTAX,0.00,1,false,false,0,false,false,115
C-1074,CONSUMER,CREDIT_KARMA,10.00,1,true,false,1,false,false,6
C-1493,CONSUMER,TURBOTAX_LIVE,120.00,1,false,true,0,false,false,234
C-1043,CONSUMER,TURBOTAX_LIVE,120.00,1,false,true,0,false,false,223
C-1043,CONSUMER,CREDIT_KARMA,0.00,1,true,false,1,false,false,5
C-1401,CONSUMER,TURBOTAX,0.00,1,false,false,0,false,false,64
C-1439,SMB,QB_ONLINE,89.09,3,true,false,1,false,false,5
C-1439,SMB,MAILCHIMP,41.13,1,false,false,0,false,false,4
C-1424,SMB,QB_ONLINE,81.68,3,true,true,8,false,false,3
C-1424,SMB,QB_PAYROLL,64.21,3,true,false,2,false,false,4
C-1149,SMB,QB_ONLINE,83.36,3,true,false,1,false,false,1
C-1149,SMB,QB_PAYROLL,66.54,3,false,false,3,false,false,5
C-1149,SMB,MAILCHIMP,45.99,1,false,false,0,false,false,3
C-1168,CONSUMER,TURBOTAX_LIVE,120.00,1,false,true,0,false,false,159
C-1261,CONSUMER,TURBOTAX,0.00,1,false,false,0,false,false,185
C-1261,CONSUMER,CREDIT_KARMA,0.00,1,true,false,1,false,false,6
C-1302,CONSUMER,TURBOTAX_LIVE,120.00,1,false,true,0,false,false,144
C-1302,CONSUMER,CREDIT_KARMA,0.00,1,true,false,1,false,false,1
C-1463,SMB,QB_ONLINE,86.93,3,false,false,6,false,false,3
C-1463,SMB,MAILCHIMP,48.39,1,false,false,0,false,false,1
C-1238,SMB,QB_ONLINE,89.63,3,false,false,7,false,false,2
C-1238,SMB,QB_PAYROLL,65.26,3,true,false,3,false,false,1
C-1071,CONSUMER,TURBOTAX,0.00,1,false,false,0,false,false,49
C-1441,SMB,QB_ONLINE,88.08,3,false,true,1,false,false,0
C-1080,SMB,QB_ONLINE,89.45,3,false,false,5,false,false,5
C-1080,SMB,QB_PAYROLL,64.64,3,false,false,5,false,false,5
C-1293,ACCOUNTANT,QB_ONLINE_ADVANCED,242.63,15,true,true,25,false,false,0
C-1131,SMB,QB_ONLINE,84.58,3,false,true,6,false,false,4
C-1131,SMB,QB_PAYROLL,64.06,3,false,false,5,false,false,0
C-1095,SMB,QB_ONLINE,87.76,3,true,true,3,false,false,5
C-1023,SMB,QB_ONLINE,81.82,3,true,false,7,false,false,0
C-1023,SMB,MAILCHIMP,43.09,1,false,false,0,false,false,1
C-1007,SMB,QB_ONLINE,87.32,3,true,false,1,false,false,2
C-1282,CONSUMER,TURBOTAX,0.00,1,false,false,0,false,false,161
C-1282,CONSUMER,CREDIT_KARMA,0.00,1,true,false,1,false,false,5
C-1114,CONSUMER,TURBOTAX,0.00,1,false,false,0,false,false,119
C-1223,ACCOUNTANT,QB_ONLINE_ADVANCED,264.65,15,true,true,25,false,false,0
C-1185,CONSUMER,TURBOTAX,0.00,1,false,false,0,false,false,251
C-1234,SMB,QB_ONLINE,89.40,3,false,true,1,false,false,1
C-1217,CONSUMER,TURBOTAX,0.00,1,false,false,0,false,false,215
C-1121,SMB,QB_ONLINE,80.66,3,false,false,1,false,false,3
C-1121,SMB,QB_PAYROLL,63.60,3,false,false,7,false,false,3
C-1489,SMB,QB_ONLINE,82.32,3,true,false,5,false,false,0
C-1428,SMB,QB_ONLINE,85.10,3,true,false,5,false,false,2
C-1428,SMB,QB_PAYROLL,66.53,3,false,false,7,false,false,3
C-1428,SMB,MAILCHIMP,42.77,1,false,false,0,false,false,5
C-1408,CONSUMER,TURBOTAX,0.00,1,false,false,0,false,false,96
C-1408,CONSUMER,CREDIT_KARMA,0.00,1,true,false,1,false,false,6
C-1140,CONSUMER,TURBOTAX,0.00,1,false,false,0,false,false,197
C-1232,ACCOUNTANT,QB_ONLINE_ADVANCED,260.40,15,true,true,25,false,false,0
C-1255,SMB,QB_ONLINE,83.31,3,false,false,7,false,false,1
C-1255,SMB,QB_PAYROLL,63.70,3,true,false,8,false,false,5
C-1255,SMB,MAILCHIMP,48.12,1,false,false,0,false,false,1
C-1096,CONSUMER,TURBOTAX,0.00,1,false,false,0,false,false,242
C-1305,CONSUMER,TURBOTAX_LIVE,120.00,1,false,true,0,false,false,185
C-1053,SMB,QB_ONLINE,89.22,3,false,false,8,false,false,2
C-1053,SMB,MAILCHIMP,49.21,1,false,false,0,false,false,1
C-1160,CONSUMER,TURBOTAX,0.00,1,false,false,0,false,false,225
C-1425,ACCOUNTANT,QB_ONLINE_ADVANCED,250.19,15,true,true,25,false,false,0
C-1026,CONSUMER,TURBOTAX,0.00,1,false,false,0,false,false,38
C-1026,CONSUMER,CREDIT_KARMA,0.00,1,true,false,1,false,false,7
C-1434,SMB,QB_ONLINE,82.39,3,true,false,1,false,false,3
C-1434,SMB,QB_PAYROLL,64.40,3,false,false,4,false,false,1
C-1147,SMB,QB_ONLINE,88.49,3,false,true,2,false,false,2
C-1147,SMB,QB_PAYROLL,65.97,3,false,false,3,false,false,4
C-1147,SMB,MAILCHIMP,42.62,1,false,false,0,false,false,5
C-1155,SMB,QB_ONLINE,85.87,3,false,false,3,false,false,1
C-1484,SMB,QB_ONLINE,82.94,3,true,false,7,false,false,2
C-1178,SMB,QB_ONLINE,84.21,3,false,false,1,false,false,3
C-1250,CONSUMER,TURBOTAX_LIVE,120.00,1,false,true,0,false,false,71
C-1250,CONSUMER,CREDIT_KARMA,0.00,1,true,false,1,false,false,5
C-1410,CONSUMER,TURBOTAX,0.00,1,false,false,0,false,false,239
C-1410,CONSUMER,CREDIT_KARMA,0.00,1,true,false,1,false,false,7
C-1224,CONSUMER,TURBOTAX,0.00,1,false,false,0,false,false,183
C-1109,CONSUMER,TURBOTAX,0.00,1,false,false,0,false,false,263
C-1060,SMB,QB_ONLINE,84.68,3,true,false,4,false,false,5
C-1060,SMB,QB_PAYROLL,66.69,3,false,false,3,false,false,4
C-1060,SMB,MAILCHIMP,47.23,1,false,false,0,false,false,0
C-1419,SMB,QB_ONLINE,83.46,3,false,true,3,false,false,1
C-1419,SMB,QB_PAYROLL,64.20,3,false,false,2,false,false,5
C-1382,SMB,QB_ONLINE,80.69,3,false,false,6,false,false,3
C-1361,SMB,QB_ONLINE,88.62,3,false,false,1,false,false,2
C-1013,SMB,QB_ONLINE,89.51,3,true,true,3,false,false,2
C-1013,SMB,QB_PAYROLL,63.74,3,true,false,7,false,false,2
C-1035,CONSUMER,TURBOTAX_LIVE,120.00,1,false,true,0,false,false,50
C-1146,CONSUMER,TURBOTAX,0.00,1,false,false,0,false,false,188
C-1262,SMB,QB_ONLINE,85.77,3,false,false,1,false,false,5
C-1262,SMB,MAILCHIMP,49.28,1,false,false,0,false,false,2
C-1130,CONSUMER,TURBOTAX,0.00,1,false,false,0,false,false,283
C-1137,ACCOUNTANT,QB_ONLINE_ADVANCED,235.16,15,true,true,25,false,false,0
C-1208,CONSUMER,TURBOTAX,0.00,1,false,false,0,false,false,14
C-1208,CONSUMER,CREDIT_KARMA,10.00,1,true,false,1,false,false,2
C-1458,SMB,QB_ONLINE,80.33,3,true,false,7,false,false,4
C-1378,SMB,QB_ONLINE,85.21,3,false,false,6,false,false,5
C-1111,ACCOUNTANT,QB_ONLINE_ADVANCED,254.45,15,true,true,25,false,false,0
C-1256,SMB,QB_ONLINE,84.59,3,false,false,8,false,false,4
C-1256,SMB,QB_PAYROLL,64.88,3,true,false,6,false,false,2
C-1353,CONSUMER,TURBOTAX,0.00,1,false,false,0,false,false,82
C-1252,SMB,QB_ONLINE,85.49,3,true,false,5,false,false,5
C-1252,SMB,QB_PAYROLL,63.11,3,true,false,8,false,false,2
C-1397,CONSUMER,TURBOTAX,0.00,1,false,false,0,false,false,225
C-1296,SMB,QB_ONLINE,83.96,3,false,false,1,false,false,5
C-1296,SMB,MAILCHIMP,41.75,1,false,false,0,false,false,5
C-1414,SMB,QB_ONLINE,87.99,3,false,false,3,false,false,5
C-1366,SMB,QB_ONLINE,80.63,3,false,false,3,false,false,2
C-1311,ACCOUNTANT,QB_ONLINE_ADVANCED,251.46,15,true,true,25,false,false,0
C-1202,ACCOUNTANT,QB_ONLINE_ADVANCED,237.65,15,true,true,25,false,false,0
C-1117,CONSUMER,TURBOTAX,0.00,1,false,false,0,false,false,207
C-1275,SMB,QB_ONLINE,84.39,3,false,true,2,false,false,5
C-1275,SMB,QB_PAYROLL,63.09,3,true,false,5,false,false,5
C-1267,SMB,QB_ONLINE,86.68,3,false,true,3,false,false,5
C-1267,SMB,MAILCHIMP,40.13,1,false,false,0,false,false,3
C-1006,CONSUMER,TURBOTAX,0.00,1,false,false,0,false,false,237
C-1379,CONSUMER,TURBOTAX,0.00,1,false,false,0,false,false,257
C-1379,CONSUMER,CREDIT_KARMA,0.00,1,true,false,1,false,false,6
C-1285,SMB,QB_ONLINE,83.25,3,false,false,6,false,false,4
C-1285,SMB,QB_PAYROLL,65.25,3,true,false,2,false,false,1
C-1135,SMB,QB_ONLINE,86.76,3,true,false,5,false,false,4
C-1135,SMB,QB_PAYROLL,64.56,3,true,false,1,false,false,4
C-1480,CONSUMER,TURBOTAX,0.00,1,false,false,0,false,false,150
C-1499,ACCOUNTANT,QB_ONLINE_ADVANCED,232.96,15,true,true,25,false,false,0
C-1233,SMB,QB_ONLINE,80.75,3,false,true,5,false,false,1
C-1233,SMB,QB_PAYROLL,66.78,3,true,false,6,false,false,0
C-1221,CONSUMER,TURBOTAX,0.00,1,false,false,0,false,false,196
C-1036,SMB,QB_ONLINE,80.44,3,true,false,3,false,false,3
C-1036,SMB,QB_PAYROLL,65.81,3,false,false,1,false,false,3
C-1139,ACCOUNTANT,QB_ONLINE_ADVANCED,247.62,15,true,true,25,false,false,0
C-1330,CONSUMER,TURBOTAX,0.00,1,false,false,0,false,false,262
C-1330,CONSUMER,CREDIT_KARMA,0.00,1,true,false,1,false,false,1
C-1345,CONSUMER,TURBOTAX,0.00,1,false,false,0,false,false,228
C-1213,ACCOUNTANT,QB_ONLINE_ADVANCED,268.71,15,true,true,25,false,false,0
C-1067,SMB,QB_ONLINE,85.91,3,false,true,4,false,false,4
C-1067,SMB,QB_PAYROLL,64.45,3,false,false,1,false,false,4
C-1067,SMB,MAILCHIMP,47.13,1,false,false,0,false,false,1
C-1204,CONSUMER,TURBOTAX,0.00,1,false,false,0,false,false,199
C-1024,SMB,QB_ONLINE,85.03,3,false,false,2,false,false,0
C-1024,SMB,MAILCHIMP,43.23,1,false,false,0,false,false,4
C-1336,CONSUMER,TURBOTAX,0.00,1,false,false,0,false,false,38
C-1341,SMB,QB_ONLINE,82.84,3,true,false,6,false,false,2
C-1341,SMB,MAILCHIMP,43.98,1,false,false,0,false,false,1
C-1320,SMB,QB_ONLINE,86.36,3,false,false,7,false,false,3
C-1320,SMB,QB_PAYROLL,65.96,3,false,false,3,false,false,4
C-1126,SMB,QB_ONLINE,85.90,3,false,true,2,false,false,4
C-1126,SMB,QB_PAYROLL,64.12,3,false,false,5,false,false,0
C-1371,CONSUMER,TURBOTAX,0.00,1,false,false,0,false,false,126
C-1349,CONSUMER,TURBOTAX_LIVE,120.00,1,false,true,0,false,false,176
C-1349,CONSUMER,CREDIT_KARMA,10.00,1,true,false,1,false,false,7
C-1468,CONSUMER,TURBOTAX,0.00,1,false,false,0,false,false,117
C-1235,ACCOUNTANT,QB_ONLINE_ADVANCED,245.24,15,true,true,25,false,false,0
C-1356,ACCOUNTANT,QB_ONLINE_ADVANCED,256.19,15,true,true,25,false,false,0
C-1292,CONSUMER,TURBOTAX_LIVE,120.00,1,false,true,0,false,false,99
C-1292,CONSUMER,CREDIT_KARMA,0.00,1,true,false,1,false,false,2
C-1198,SMB,QB_ONLINE,86.03,3,true,false,5,false,false,4
C-1198,SMB,MAILCHIMP,40.43,1,false,false,0,false,false,1
C-1158,SMB,QB_ONLINE,85.32,3,false,false,7,false,false,5
C-1466,CONSUMER,TURBOTAX,0.00,1,false,false,0,false,false,258
C-1466,CONSUMER,CREDIT_KARMA,0.00,1,true,false,1,false,false,3
C-1386,CONSUMER,TURBOTAX,0.00,1,false,false,0,false,false,68
C-1386,CONSUMER,CREDIT_KARMA,0.00,1,true,false,1,false,false,2
C-1244,ACCOUNTANT,QB_ONLINE_ADVANCED,268.57,15,true,true,25,false,false,0
C-1464,CONSUMER,TURBOTAX,0.00,1,false,false,0,false,false,287
C-1415,SMB,QB_ONLINE,83.19,3,true,false,4,false,false,2
C-1415,SMB,QB_PAYROLL,63.75,3,false,false,7,false,false,0
C-1194,SMB,QB_ONLINE,85.28,3,true,false,6,false,false,3
C-1194,SMB,MAILCHIMP,42.63,1,false,false,0,false,false,4
C-1325,CONSUMER,TURBOTAX,0.00,1,false,false,0,false,false,74
C-1325,CONSUMER,CREDIT_KARMA,0.00,1,true,false,1,false,false,2
C-1216,CONSUMER,TURBOTAX,0.00,1,false,false,0,false,false,76
C-1216,CONSUMER,CREDIT_KARMA,10.00,1,true,false,1,false,false,1
C-1357,SMB,QB_ONLINE,89.69,3,false,false,2,false,false,3
C-1357,SMB,QB_PAYROLL,64.61,3,false,false,8,false,false,2
C-1478,SMB,QB_ONLINE,83.05,3,true,false,8,false,false,4
C-1478,SMB,QB_PAYROLL,63.64,3,true,false,1,false,false,1
C-1478,SMB,MAILCHIMP,49.61,1,false,false,0,false,false,4
C-1077,SMB,QB_ONLINE,86.29,3,true,false,5,false,false,3
C-1077,SMB,QB_PAYROLL,65.03,3,false,false,5,false,false,5
C-1077,SMB,MAILCHIMP,49.94,1,false,false,0,false,false,1
C-1423,CONSUMER,TURBOTAX_LIVE,120.00,1,false,true,0,false,false,41
C-1423,CONSUMER,CREDIT_KARMA,0.00,1,true,false,1,false,false,1
C-1376,ACCOUNTANT,QB_ONLINE_ADVANCED,254.73,15,true,true,25,false,false,0
C-1196,SMB,QB_ONLINE,82.54,3,false,false,3,false,false,0
C-GOLD-1,SMB,MAILCHIMP,45.00,10,true,true,12,false,false,1
C-1324,SMB,QB_ONLINE,81.77,3,false,false,8,false,false,5
C-1324,SMB,QB_PAYROLL,66.57,3,false,false,5,false,false,5
C-1034,SMB,QB_ONLINE,89.77,3,true,false,6,false,false,2
C-1034,SMB,QB_PAYROLL,65.90,3,false,false,8,false,false,3
C-1087,CONSUMER,TURBOTAX,0.00,1,false,false,0,false,false,155
C-1440,SMB,QB_ONLINE,89.21,3,false,true,6,false,false,4
C-1440,SMB,QB_PAYROLL,66.89,3,false,false,6,false,false,4
C-1190,SMB,QB_ONLINE,87.39,3,false,false,5,false,false,4
C-1254,CONSUMER,TURBOTAX,0.00,1,false,false,0,false,false,40
C-1254,CONSUMER,CREDIT_KARMA,0.00,1,true,false,1,false,false,2
C-1363,SMB,QB_ONLINE,84.58,3,false,false,8,false,false,5
C-1177,CONSUMER,TURBOTAX_LIVE,120.00,1,false,true,0,false,false,299
C-1388,ACCOUNTANT,QB_ONLINE_ADVANCED,260.62,15,true,true,25,false,false,0
C-1291,CONSUMER,TURBOTAX,0.00,1,false,false,0,false,false,142
C-1134,SMB,QB_ONLINE,81.81,3,false,false,2,false,false,2
C-1134,SMB,QB_PAYROLL,64.16,3,true,false,1,false,false,3
C-1403,SMB,QB_ONLINE,85.91,3,false,false,3,false,false,4
C-1454,CONSUMER,TURBOTAX_LIVE,120.00,1,false,true,0,false,false,160
C-1416,SMB,QB_ONLINE,89.04,3,true,false,5,false,false,5
C-1416,SMB,QB_PAYROLL,63.68,3,true,false,8,false,false,1
C-1416,SMB,MAILCHIMP,40.34,1,false,false,0,false,false,3
C-1209,SMB,QB_ONLINE,83.18,3,true,true,8,false,false,0
C-1209,SMB,QB_PAYROLL,64.83,3,false,false,2,false,false,1
C-1380,ACCOUNTANT,QB_ONLINE_ADVANCED,253.09,15,true,true,25,false,false,0
C-1019,CONSUMER,TURBOTAX,0.00,1,false,false,0,false,false,42
C-1019,CONSUMER,CREDIT_KARMA,0.00,1,true,false,1,false,false,3
C-1070,CONSUMER,TURBOTAX,0.00,1,false,false,0,false,false,271
C-1070,CONSUMER,CREDIT_KARMA,0.00,1,true,false,1,false,false,6
C-1044,SMB,QB_ONLINE,86.46,3,false,false,3,false,false,4
C-1044,SMB,QB_PAYROLL,64.43,3,true,false,6,false,false,0
C-1384,CONSUMER,TURBOTAX,0.00,1,false,false,0,false,false,47
C-1442,SMB,QB_ONLINE,80.88,3,true,false,6,false,false,2
C-1442,SMB,QB_PAYROLL,65.83,3,false,false,5,false,false,3
C-1442,SMB,MAILCHIMP,43.32,1,false,false,0,false,false,2
C-1231,CONSUMER,TURBOTAX,0.00,1,false,false,0,false,false,300
C-1400,ACCOUNTANT,QB_ONLINE_ADVANCED,268.94,15,true,true,25,false,false,0
C-1294,SMB,QB_ONLINE,82.60,3,true,false,1,false,false,0
C-1294,SMB,QB_PAYROLL,64.38,3,false,false,3,false,false,2
C-1142,CONSUMER,TURBOTAX,0.00,1,false,false,0,false,false,188
C-1142,CONSUMER,CREDIT_KARMA,0.00,1,true,false,1,false,false,5
C-1136,CONSUMER,TURBOTAX,0.00,1,false,false,0,false,false,165
C-1449,CONSUMER,TURBOTAX,0.00,1,false,false,0,false,false,119
C-1449,CONSUMER,CREDIT_KARMA,0.00,1,true,false,1,false,false,2
C-1333,ACCOUNTANT,QB_ONLINE_ADVANCED,236.01,15,true,true,25,false,false,0
C-1008,CONSUMER,TURBOTAX_LIVE,120.00,1,false,true,0,false,false,97
C-1008,CONSUMER,CREDIT_KARMA,0.00,1,true,false,1,false,false,2
C-1152,ACCOUNTANT,QB_ONLINE_ADVANCED,261.22,15,true,true,25,false,false,0
C-1456,CONSUMER,TURBOTAX,0.00,1,false,false,0,false,false,241
C-1301,SMB,QB_ONLINE,83.11,3,false,false,2,false,false,1
C-1301,SMB,MAILCHIMP,46.90,1,false,false,0,false,false,4
C-1061,ACCOUNTANT,QB_ONLINE_ADVANCED,258.92,15,true,true,25,false,false,0
C-1359,CONSUMER,TURBOTAX,0.00,1,false,false,0,false,false,173
C-1359,CONSUMER,CREDIT_KARMA,0.00,1,true,false,1,false,false,7
C-1048,CONSUMER,TURBOTAX,0.00,1,false,false,0,false,false,112
C-1048,CONSUMER,CREDIT_KARMA,0.00,1,true,false,1,false,false,3
C-1032,CONSUMER,TURBOTAX,0.00,1,false,false,0,false,false,60
C-1477,SMB,QB_ONLINE,87.29,3,false,false,5,false,false,4
C-1477,SMB,QB_PAYROLL,65.98,3,true,false,6,false,false,4
C-1161,CONSUMER,TURBOTAX,0.00,1,false,false,0,false,false,213
C-1021,CONSUMER,TURBOTAX,0.00,1,false,false,0,false,false,37
C-1021,CONSUMER,CREDIT_KARMA,0.00,1,true,false,1,false,false,1
C-1299,CONSUMER,TURBOTAX,0.00,1,false,false,0,false,false,106
C-1322,ACCOUNTANT,QB_ONLINE_ADVANCED,232.32,15,true,true,25,false,false,0
C-1360,CONSUMER,TURBOTAX,0.00,1,false,false,0,false,false,189
C-1056,SMB,QB_ONLINE,83.40,3,false,false,7,false,false,1
C-1056,SMB,MAILCHIMP,46.16,1,false,false,0,false,false,2
C-1303,CONSUMER,TURBOTAX,0.00,1,false,false,0,false,false,180
C-1438,SMB,QB_ONLINE,88.00,3,true,false,5,false,false,3
C-1438,SMB,QB_PAYROLL,66.42,3,true,false,4,false,false,5
C-1362,ACCOUNTANT,QB_ONLINE_ADVANCED,231.53,15,true,true,25,false,false,0
C-1412,SMB,QB_ONLINE,88.37,3,false,false,5,false,false,1
C-1412,SMB,QB_PAYROLL,66.24,3,true,false,7,false,false,5
C-1412,SMB,MAILCHIMP,42.44,1,false,false,0,false,false,2
C-1148,SMB,QB_ONLINE,86.98,3,false,false,3,false,false,2
C-1148,SMB,QB_PAYROLL,64.68,3,false,false,6,false,false,1
C-1310,SMB,QB_ONLINE,89.45,3,false,false,6,false,false,2
C-1310,SMB,QB_PAYROLL,64.22,3,false,false,8,false,false,0
C-1383,CONSUMER,TURBOTAX,0.00,1,false,false,0,false,false,197
C-1210,ACCOUNTANT,QB_ONLINE_ADVANCED,260.56,15,true,true,25,false,false,0
C-1214,SMB,QB_ONLINE,86.43,3,true,false,4,false,false,4
C-1214,SMB,QB_PAYROLL,65.80,3,false,false,3,false,false,2
C-1323,SMB,QB_ONLINE,83.02,3,false,false,5,false,false,3
C-1323,SMB,QB_PAYROLL,64.48,3,false,false,1,false,false,0
C-1452,SMB,QB_ONLINE,89.11,3,false,false,6,false,false,5
C-1452,SMB,QB_PAYROLL,65.68,3,false,false,8,false,false,0
C-1245,SMB,QB_ONLINE,83.66,3,false,false,5,false,false,2
C-1245,SMB,QB_PAYROLL,63.52,3,false,false,7,false,false,3
C-1055,CONSUMER,TURBOTAX,0.00,1,false,false,0,false,false,253
C-1205,SMB,QB_ONLINE,86.15,3,false,false,7,false,false,1
C-1205,SMB,QB_PAYROLL,63.10,3,true,false,4,false,false,0
C-1205,SMB,MAILCHIMP,47.17,1,false,false,0,false,false,5
C-1374,CONSUMER,TURBOTAX_LIVE,120.00,1,false,true,0,false,false,233
C-1374,CONSUMER,CREDIT_KARMA,0.00,1,true,false,1,false,false,1
C-1054,CONSUMER,TURBOTAX_LIVE,120.00,1,false,true,0,false,false,211
C-1051,SMB,QB_ONLINE,84.57,3,false,false,8,false,false,5
C-1051,SMB,QB_PAYROLL,64.99,3,false,false,2,false,false,5
C-1051,SMB,MAILCHIMP,43.86,1,false,false,0,false,false,2
C-1273,ACCOUNTANT,QB_ONLINE_ADVANCED,239.43,15,true,true,25,false,false,0
C-1064,SMB,QB_ONLINE,83.06,3,false,false,6,false,false,3
C-1455,ACCOUNTANT,QB_ONLINE_ADVANCED,266.35,15,true,true,25,false,false,0
C-1264,CONSUMER,TURBOTAX,0.00,1,false,false,0,false,false,113
C-1264,CONSUMER,CREDIT_KARMA,10.00,1,true,false,1,false,false,5
C-1444,SMB,QB_ONLINE,81.37,3,true,false,8,false,false,0
C-1069,CONSUMER,TURBOTAX,0.00,1,false,false,0,false,false,129
C-1313,CONSUMER,TURBOTAX,0.00,1,false,false,0,false,false,239
C-1108,CONSUMER,TURBOTAX_LIVE,120.00,1,false,true,0,false,false,70
C-1108,CONSUMER,CREDIT_KARMA,10.00,1,true,false,1,false,false,3
C-1141,CONSUMER,TURBOTAX,0.00,1,false,false,0,false,false,93
C-1404,SMB,QB_ONLINE,87.21,3,false,true,1,false,false,1
C-1132,SMB,QB_ONLINE,80.70,3,false,false,7,false,false,3
C-1132,SMB,MAILCHIMP,44.05,1,false,false,0,false,false,4
C-1413,CONSUMER,TURBOTAX,0.00,1,false,false,0,false,false,254
C-1413,CONSUMER,CREDIT_KARMA,0.00,1,true,false,1,false,false,5
C-1230,CONSUMER,TURBOTAX,0.00,1,false,false,0,false,false,127
C-1230,CONSUMER,CREDIT_KARMA,0.00,1,true,false,1,false,false,2
C-1207,CONSUMER,TURBOTAX,0.00,1,false,false,0,false,false,127
C-1199,SMB,QB_ONLINE,87.61,3,false,false,8,false,false,5
C-1199,SMB,MAILCHIMP,49.72,1,false,false,0,false,false,3
C-1115,ACCOUNTANT,QB_ONLINE_ADVANCED,242.30,15,true,true,25,false,false,0
C-NBA-200,CONSUMER,TURBOTAX,0.00,1,false,false,0,false,false,5
C-1090,ACCOUNTANT,QB_ONLINE_ADVANCED,246.65,15,true,true,25,false,false,0
C-1354,SMB,QB_ONLINE,88.20,3,true,false,8,false,false,0
C-1354,SMB,QB_PAYROLL,65.11,3,false,false,2,false,false,3
C-1063,CONSUMER,TURBOTAX,0.00,1,false,false,0,false,false,63
C-1063,CONSUMER,CREDIT_KARMA,0.00,1,true,false,1,false,false,5
C-1009,CONSUMER,TURBOTAX,0.00,1,false,false,0,false,false,151
C-1211,SMB,QB_ONLINE,84.98,3,true,false,3,false,false,4
C-1195,CONSUMER,TURBOTAX_LIVE,120.00,1,false,true,0,false,false,220
C-1246,SMB,QB_ONLINE,82.25,3,false,false,4,false,false,2
C-1246,SMB,QB_PAYROLL,65.61,3,false,false,3,false,false,1
C-1437,CONSUMER,TURBOTAX,0.00,1,false,false,0,false,false,203
C-1492,SMB,QB_ONLINE,87.85,3,true,false,7,false,false,5
C-1492,SMB,QB_PAYROLL,63.13,3,false,false,4,false,false,2
C-1490,SMB,QB_ONLINE,89.00,3,false,false,1,false,false,5
C-1298,CONSUMER,TURBOTAX,0.00,1,false,false,0,false,false,146
C-1084,CONSUMER,TURBOTAX,0.00,1,false,false,0,false,false,46
C-1169,CONSUMER,TURBOTAX_LIVE,120.00,1,false,true,0,false,false,31
C-1169,CONSUMER,CREDIT_KARMA,0.00,1,true,false,1,false,false,6
C-1274,CONSUMER,TURBOTAX,0.00,1,false,false,0,false,false,45
C-1175,ACCOUNTANT,QB_ONLINE_ADVANCED,243.50,15,true,true,25,false,false,0
C-1046,CONSUMER,TURBOTAX,0.00,1,false,false,0,false,false,203
C-1411,SMB,QB_ONLINE,88.12,3,true,false,5,false,false,0
C-1219,SMB,QB_ONLINE,86.11,3,false,true,3,false,false,1
C-1219,SMB,QB_PAYROLL,64.85,3,false,false,6,false,false,3
C-1219,SMB,MAILCHIMP,44.06,1,false,false,0,false,false,3
C-1157,CONSUMER,TURBOTAX,0.00,1,false,false,0,false,false,276
C-1307,SMB,QB_ONLINE,81.37,3,false,false,6,false,false,2
C-1022,CONSUMER,TURBOTAX,0.00,1,false,false,0,false,false,154
C-1022,CONSUMER,CREDIT_KARMA,0.00,1,true,false,1,false,false,6
C-1050,CONSUMER,TURBOTAX,0.00,1,false,false,0,false,false,152
C-1050,CONSUMER,CREDIT_KARMA,10.00,1,true,false,1,false,false,2
C-1164,CONSUMER,TURBOTAX,0.00,1,false,false,0,false,false,99
C-1251,SMB,QB_ONLINE,81.21,3,false,false,2,false,false,2
C-1251,SMB,QB_PAYROLL,66.06,3,true,false,8,false,false,1
C-1251,SMB,MAILCHIMP,40.94,1,false,false,0,false,false,3
C-1485,CONSUMER,TURBOTAX,0.00,1,false,false,0,false,false,243
C-1409,SMB,QB_ONLINE,84.93,3,true,false,2,false,false,4
C-1409,SMB,QB_PAYROLL,64.05,3,false,false,6,false,false,2
C-1003,SMB,QB_ONLINE,86.51,3,true,false,1,false,false,1
C-1391,CONSUMER,TURBOTAX,0.00,1,false,false,0,false,false,68
C-1391,CONSUMER,CREDIT_KARMA,0.00,1,true,false,1,false,false,4
C-1165,CONSUMER,TURBOTAX,0.00,1,false,false,0,false,false,148
C-1387,CONSUMER,TURBOTAX,0.00,1,false,false,0,false,false,151
C-1387,CONSUMER,CREDIT_KARMA,0.00,1,true,false,1,false,false,5
C-1059,SMB,QB_ONLINE,89.91,3,false,false,1,false,false,5
C-1059,SMB,QB_PAYROLL,66.13,3,false,false,4,false,false,0
C-1249,CONSUMER,TURBOTAX,0.00,1,false,false,0,false,false,236
C-1249,CONSUMER,CREDIT_KARMA,0.00,1,true,false,1,false,false,2
C-1247,ACCOUNTANT,QB_ONLINE_ADVANCED,252.45,15,true,true,25,false,false,0
C-1015,ACCOUNTANT,QB_ONLINE_ADVANCED,266.58,15,true,true,25,false,false,0
C-1407,SMB,QB_ONLINE,84.51,3,true,false,2,false,false,5
C-1407,SMB,QB_PAYROLL,63.90,3,false,false,7,false,false,3
C-1306,SMB,QB_ONLINE,86.80,3,false,false,6,false,false,1
C-1268,CONSUMER,TURBOTAX,0.00,1,false,false,0,false,false,219
C-1154,CONSUMER,TURBOTAX,0.00,1,false,false,0,false,false,236
C-1122,CONSUMER,TURBOTAX,0.00,1,false,false,0,false,false,137
C-1450,SMB,QB_ONLINE,88.02,3,false,false,8,false,false,3
C-1450,SMB,QB_PAYROLL,65.61,3,true,false,3,false,false,5
C-1450,SMB,MAILCHIMP,44.88,1,false,false,0,false,false,0
C-1369,SMB,QB_ONLINE,86.08,3,false,true,8,false,false,3
C-1369,SMB,QB_PAYROLL,66.64,3,false,false,1,false,false,3
C-1369,SMB,MAILCHIMP,49.94,1,false,false,0,false,false,4
C-1123,ACCOUNTANT,QB_ONLINE_ADVANCED,245.09,15,true,true,25,false,false,0
C-1125,CONSUMER,TURBOTAX,0.00,1,false,false,0,false,false,284
C-1431,SMB,QB_ONLINE,82.11,3,false,true,1,false,false,2
C-1431,SMB,QB_PAYROLL,63.95,3,false,false,3,false,false,5
C-1295,SMB,QB_ONLINE,83.48,3,true,false,5,false,false,2
C-1039,CONSUMER,TURBOTAX,0.00,1,false,false,0,false,false,177
C-1179,CONSUMER,TURBOTAX,0.00,1,false,false,0,false,false,20
C-1172,SMB,QB_ONLINE,87.41,3,true,false,2,false,false,5
C-1172,SMB,QB_PAYROLL,64.39,3,false,false,2,false,false,4
C-1042,CONSUMER,TURBOTAX_LIVE,120.00,1,false,true,0,false,false,33
C-1287,ACCOUNTANT,QB_ONLINE_ADVANCED,259.95,15,true,true,25,false,false,0
C-1406,SMB,QB_ONLINE,80.00,3,true,false,4,false,false,2
C-1406,SMB,MAILCHIMP,48.32,1,false,false,0,false,false,2
C-1308,SMB,QB_ONLINE,82.98,3,false,false,2,false,false,2
C-1308,SMB,QB_PAYROLL,66.19,3,false,false,1,false,false,0
C-1025,ACCOUNTANT,QB_ONLINE_ADVANCED,259.12,15,true,true,25,false,false,0
C-1472,CONSUMER,TURBOTAX,0.00,1,false,false,0,false,false,173
C-1081,SMB,QB_ONLINE,83.61,3,false,false,8,false,false,1
C-1422,CONSUMER,TURBOTAX,0.00,1,false,false,0,false,false,147
C-1422,CONSUMER,CREDIT_KARMA,10.00,1,true,false,1,false,false,6
C-1418,CONSUMER,TURBOTAX_LIVE,120.00,1,false,true,0,false,false,255
C-1089,CONSUMER,TURBOTAX_LIVE,120.00,1,false,true,0,false,false,289
C-1098,CONSUMER,TURBOTAX,0.00,1,false,false,0,false,false,174
C-1098,CONSUMER,CREDIT_KARMA,0.00,1,true,false,1,false,false,2
C-1078,CONSUMER,TURBOTAX,0.00,1,false,false,0,false,false,181
C-1272,SMB,QB_ONLINE,86.94,3,true,false,2,false,false,4
C-1272,SMB,MAILCHIMP,43.79,1,false,false,0,false,false,0
C-1011,SMB,QB_ONLINE,84.46,3,false,false,8,false,false,4
C-1011,SMB,QB_PAYROLL,65.24,3,false,false,7,false,false,3
C-1358,CONSUMER,TURBOTAX,0.00,1,false,false,0,false,false,221
C-1358,CONSUMER,CREDIT_KARMA,10.00,1,true,false,1,false,false,5
C-1144,ACCOUNTANT,QB_ONLINE_ADVANCED,261.77,15,true,true,25,false,false,0
C-1239,ACCOUNTANT,QB_ONLINE_ADVANCED,259.61,15,true,true,25,false,false,0
C-1283,CONSUMER,TURBOTAX,0.00,1,false,false,0,false,false,97
C-1206,CONSUMER,TURBOTAX,0.00,1,false,false,0,false,false,236
C-1206,CONSUMER,CREDIT_KARMA,0.00,1,true,false,1,false,false,6
C-1030,SMB,QB_ONLINE,82.42,3,true,false,1,false,false,4
C-1281,ACCOUNTANT,QB_ONLINE_ADVANCED,256.57,15,true,true,25,false,false,0
C-1488,SMB,QB_ONLINE,80.44,3,false,false,6,false,false,5
C-1263,ACCOUNTANT,QB_ONLINE_ADVANCED,251.39,15,true,true,25,false,false,0
C-1072,SMB,QB_ONLINE,87.65,3,false,false,5,false,false,2
C-1072,SMB,MAILCHIMP,49.84,1,false,false,0,false,false,3
C-1049,SMB,QB_ONLINE,82.48,3,true,false,4,false,false,1
C-1151,SMB,QB_ONLINE,85.78,3,true,false,8,false,false,1
C-1151,SMB,MAILCHIMP,42.95,1,false,false,0,false,false,5
C-1335,SMB,QB_ONLINE,83.65,3,true,false,1,false,false,5
C-1183,ACCOUNTANT,QB_ONLINE_ADVANCED,259.12,15,true,true,25,false,false,0
C-1365,SMB,QB_ONLINE,83.90,3,true,false,8,false,false,4
C-1365,SMB,QB_PAYROLL,64.01,3,false,false,7,false,false,4
C-1365,SMB,MAILCHIMP,42.40,1,false,false,0,false,false,4
C-1052,SMB,QB_ONLINE,81.11,3,false,false,6,false,false,2
C-1052,SMB,QB_PAYROLL,65.47,3,false,false,7,false,false,3
C-1227,CONSUMER,TURBOTAX,0.00,1,false,false,0,false,false,188
C-1276,ACCOUNTANT,QB_ONLINE_ADVANCED,234.89,15,true,true,25,false,false,0
C-1258,CONSUMER,TURBOTAX_LIVE,120.00,1,false,true,0,false,false,258
C-1076,SMB,QB_ONLINE,82.38,3,true,false,6,false,false,2
C-1017,SMB,QB_ONLINE,81.90,3,true,false,8,false,false,3
C-1017,SMB,MAILCHIMP,42.73,1,false,false,0,false,false,3
C-1066,SMB,QB_ONLINE,85.04,3,false,false,5,false,false,0
C-1066,SMB,MAILCHIMP,48.63,1,false,false,0,false,false,1
C-1029,ACCOUNTANT,QB_ONLINE_ADVANCED,236.80,15,true,true,25,false,false,0
C-1331,ACCOUNTANT,QB_ONLINE_ADVANCED,234.52,15,true,true,25,false,false,0
C-1471,SMB,QB_ONLINE,87.07,3,false,false,1,false,false,2
C-1471,SMB,QB_PAYROLL,65.68,3,true,false,3,false,false,0
C-1471,SMB,MAILCHIMP,43.07,1,false,false,0,false,false,0
C-1068,SMB,QB_ONLINE,80.95,3,false,false,2,false,false,5
C-1068,SMB,QB_PAYROLL,66.89,3,false,false,8,false,false,0
C-1041,CONSUMER,TURBOTAX,0.00,1,false,false,0,false,false,192
C-1031,SMB,QB_ONLINE,85.49,3,true,false,5,false,false,4
C-1031,SMB,QB_PAYROLL,63.20,3,true,false,8,false,false,1
C-1153,CONSUMER,TURBOTAX,0.00,1,false,false,0,false,false,123
C-1153,CONSUMER,CREDIT_KARMA,0.00,1,true,false,1,false,false,7
C-1344,SMB,QB_ONLINE,87.74,3,true,false,4,false,false,5
C-1344,SMB,MAILCHIMP,49.56,1,false,false,0,false,false,4
C-1279,SMB,QB_ONLINE,80.67,3,true,false,5,false,false,3
C-1097,CONSUMER,TURBOTAX_LIVE,120.00,1,false,true,0,false,false,167
C-1375,SMB,QB_ONLINE,86.21,3,true,false,1,false,false,0
C-1375,SMB,QB_PAYROLL,63.44,3,true,false,8,false,false,0
C-1033,CONSUMER,TURBOTAX,0.00,1,false,false,0,false,false,151
C-1174,SMB,QB_ONLINE,87.72,3,false,true,4,false,false,2
C-1045,SMB,QB_ONLINE,80.46,3,true,false,3,false,false,5
C-1145,SMB,QB_ONLINE,85.17,3,false,true,1,false,false,2
C-1145,SMB,MAILCHIMP,48.08,1,false,false,0,false,false,1
C-1138,SMB,QB_ONLINE,88.38,3,false,false,6,false,false,5
C-1138,SMB,QB_PAYROLL,66.31,3,false,false,8,false,false,5
C-1491,SMB,QB_ONLINE,82.34,3,false,false,7,false,false,2
C-1491,SMB,QB_PAYROLL,63.71,3,false,false,1,false,false,5
C-1491,SMB,MAILCHIMP,46.41,1,false,false,0,false,false,4
C-1222,SMB,QB_ONLINE,84.19,3,false,true,7,false,false,0
C-1222,SMB,QB_PAYROLL,66.35,3,false,false,5,false,false,0
C-1018,CONSUMER,TURBOTAX,0.00,1,false,false,0,false,false,109
C-1170,SMB,QB_ONLINE,89.58,3,true,false,8,false,false,3
C-1170,SMB,MAILCHIMP,49.68,1,false,false,0,false,false,1
C-1188,CONSUMER,TURBOTAX,0.00,1,false,false,0,false,false,262
C-1188,CONSUMER,CREDIT_KARMA,10.00,1,true,false,1,false,false,4
C-1075,SMB,QB_ONLINE,80.48,3,false,false,6,false,false,4
C-1075,SMB,QB_PAYROLL,66.14,3,false,false,1,false,false,5
C-1398,CONSUMER,TURBOTAX,0.00,1,false,false,0,false,false,51
C-1448,SMB,QB_ONLINE,89.80,3,false,false,8,false,false,2
C-1448,SMB,QB_PAYROLL,63.56,3,true,false,2,false,false,2
C-1451,CONSUMER,TURBOTAX,0.00,1,false,false,0,false,false,163
C-1451,CONSUMER,CREDIT_KARMA,0.00,1,true,false,1,false,false,6
C-1338,ACCOUNTANT,QB_ONLINE_ADVANCED,244.46,15,true,true,25,false,false,0
C-1317,SMB,QB_ONLINE,81.21,3,false,false,4,false,false,2
C-1317,SMB,QB_PAYROLL,63.48,3,true,false,7,false,false,3
C-1317,SMB,MAILCHIMP,46.72,1,false,false,0,false,false,5
C-1392,CONSUMER,TURBOTAX,0.00,1,false,false,0,false,false,204
C-1094,CONSUMER,TURBOTAX,0.00,1,false,false,0,false,false,191
C-1270,ACCOUNTANT,QB_ONLINE_ADVANCED,233.76,15,true,true,25,false,false,0
C-1073,SMB,QB_ONLINE,88.68,3,false,false,5,false,false,1
C-1334,SMB,QB_ONLINE,82.39,3,false,false,2,false,false,2
C-1334,SMB,QB_PAYROLL,64.06,3,false,false,8,false,false,5
C-1334,SMB,MAILCHIMP,44.53,1,false,false,0,false,false,0
C-1370,ACCOUNTANT,QB_ONLINE_ADVANCED,246.61,15,true,true,25,false,false,0
C-1277,SMB,QB_ONLINE,82.40,3,true,false,8,false,false,3
C-1277,SMB,QB_PAYROLL,63.02,3,true,false,8,false,false,0
C-1057,SMB,QB_ONLINE,84.89,3,false,false,8,false,false,1
C-1364,SMB,QB_ONLINE,89.95,3,true,false,4,false,false,2
C-1364,SMB,QB_PAYROLL,65.30,3,false,false,6,false,false,1
C-1101,CONSUMER,TURBOTAX,0.00,1,false,false,0,false,false,50
C-1058,SMB,QB_ONLINE,85.45,3,false,false,8,false,false,5
C-1058,SMB,QB_PAYROLL,64.68,3,true,false,2,false,false,3
C-1467,CONSUMER,TURBOTAX,0.00,1,false,false,0,false,false,56
C-1312,CONSUMER,TURBOTAX,0.00,1,false,false,0,false,false,299
C-1446,SMB,QB_ONLINE,88.63,3,true,false,3,false,false,1
C-1241,CONSUMER,TURBOTAX,0.00,1,false,false,0,false,false,11
C-1453,SMB,QB_ONLINE,86.86,3,false,false,8,false,false,5
C-1453,SMB,QB_PAYROLL,65.00,3,false,false,8,false,false,1
C-1475,CONSUMER,TURBOTAX,0.00,1,false,false,0,false,false,130
C-1040,SMB,QB_ONLINE,81.12,3,false,false,4,false,false,2
C-1040,SMB,QB_PAYROLL,63.92,3,false,false,5,false,false,0
C-1040,SMB,MAILCHIMP,41.18,1,false,false,0,false,false,2
C-1243,SMB,QB_ONLINE,83.75,3,false,false,2,false,false,2
C-1243,SMB,QB_PAYROLL,65.53,3,false,false,4,false,false,3
C-1243,SMB,MAILCHIMP,41.49,1,false,false,0,false,false,1
C-1474,SMB,QB_ONLINE,87.51,3,false,false,7,false,false,0
C-1474,SMB,QB_PAYROLL,65.59,3,true,false,6,false,false,2
C-1474,SMB,MAILCHIMP,43.00,1,false,false,0,false,false,3
C-1079,SMB,QB_ONLINE,80.86,3,false,false,3,false,false,4
C-1079,SMB,QB_PAYROLL,64.49,3,true,false,2,false,false,0
C-1079,SMB,MAILCHIMP,47.49,1,false,false,0,false,false,1
C-1289,ACCOUNTANT,QB_ONLINE_ADVANCED,260.27,15,true,true,25,false,false,0
C-1395,SMB,QB_ONLINE,88.34,3,false,false,8,false,false,3
C-1432,CONSUMER,TURBOTAX_LIVE,120.00,1,false,true,0,false,false,295
C-1116,CONSUMER,TURBOTAX,0.00,1,false,false,0,false,false,88
C-1116,CONSUMER,CREDIT_KARMA,0.00,1,true,false,1,false,false,7
C-1225,ACCOUNTANT,QB_ONLINE_ADVANCED,252.18,15,true,true,25,false,false,0
C-1257,ACCOUNTANT,QB_ONLINE_ADVANCED,237.61,15,true,true,25,false,false,0
C-1088,CONSUMER,TURBOTAX_LIVE,120.00,1,false,true,0,false,false,122
C-1280,SMB,QB_ONLINE,82.38,3,false,true,2,false,false,0
C-1280,SMB,QB_PAYROLL,63.07,3,false,false,7,false,false,4
C-1385,ACCOUNTANT,QB_ONLINE_ADVANCED,238.14,15,true,true,25,false,false,0
C-1005,SMB,QB_ONLINE,81.84,3,true,false,3,false,false,4
C-1005,SMB,QB_PAYROLL,65.22,3,false,false,6,false,false,3
C-1237,CONSUMER,TURBOTAX,0.00,1,false,false,0,false,false,236
C-1457,CONSUMER,TURBOTAX,0.00,1,false,false,0,false,false,283
C-1156,CONSUMER,TURBOTAX,0.00,1,false,false,0,false,false,48
C-1062,SMB,QB_ONLINE,88.86,3,true,false,3,false,false,3
C-1062,SMB,QB_PAYROLL,64.40,3,false,false,1,false,false,1
C-1339,SMB,QB_ONLINE,85.09,3,false,false,3,false,false,2
C-1476,SMB,QB_ONLINE,82.15,3,true,false,3,false,false,3
C-1171,ACCOUNTANT,QB_ONLINE_ADVANCED,265.86,15,true,true,25,false,false,0
C-1367,SMB,QB_ONLINE,80.91,3,false,false,6,false,false,3
C-1396,CONSUMER,TURBOTAX_LIVE,120.00,1,false,true,0,false,false,129
C-1396,CONSUMER,CREDIT_KARMA,0.00,1,true,false,1,false,false,3
C-1479,SMB,QB_ONLINE,84.17,3,false,false,5,false,false,0
C-1479,SMB,QB_PAYROLL,63.65,3,true,false,6,false,false,1
C-1479,SMB,MAILCHIMP,42.56,1,false,false,0,false,false,3
C-1394,SMB,QB_ONLINE,82.36,3,true,false,2,false,false,5
C-1394,SMB,QB_PAYROLL,65.50,3,true,false,7,false,false,3
C-1394,SMB,MAILCHIMP,40.45,1,false,false,0,false,false,4
C-1346,ACCOUNTANT,QB_ONLINE_ADVANCED,234.48,15,true,true,25,false,false,0
C-1486,ACCOUNTANT,QB_ONLINE_ADVANCED,251.64,15,true,true,25,false,false,0
C-1248,SMB,QB_ONLINE,87.49,3,false,false,8,false,false,1
C-1106,SMB,QB_ONLINE,84.14,3,false,true,5,false,false,1
C-1106,SMB,QB_PAYROLL,65.58,3,false,false,8,false,false,1
C-1106,SMB,MAILCHIMP,49.73,1,false,false,0,false,false,5
C-1082,SMB,QB_ONLINE,84.11,3,false,false,1,false,false,1
C-1082,SMB,QB_PAYROLL,66.44,3,true,false,6,false,false,2
C-1092,SMB,QB_ONLINE,89.87,3,true,true,8,false,false,1
C-1182,SMB,QB_ONLINE,83.28,3,false,false,6,false,false,0
C-1182,SMB,MAILCHIMP,46.44,1,false,false,0,false,false,3
C-1105,SMB,QB_ONLINE,86.05,3,true,true,7,false,false,4
C-1105,SMB,QB_PAYROLL,65.11,3,true,false,1,false,false,2
C-1288,SMB,QB_ONLINE,82.42,3,false,true,8,false,false,0
C-1288,SMB,QB_PAYROLL,63.58,3,true,false,8,false,false,1
C-1253,SMB,QB_ONLINE,84.82,3,false,false,8,false,false,0
C-1253,SMB,QB_PAYROLL,63.30,3,true,false,6,false,false,3
C-1047,CONSUMER,TURBOTAX,0.00,1,false,false,0,false,false,230
C-1047,CONSUMER,CREDIT_KARMA,0.00,1,true,false,1,false,false,4
C-1184,CONSUMER,TURBOTAX_LIVE,120.00,1,false,true,0,false,false,272
C-1110,SMB,QB_ONLINE,81.52,3,true,false,3,false,false,3
C-1110,SMB,QB_PAYROLL,63.15,3,false,false,4,false,false,2
C-1372,CONSUMER,TURBOTAX,0.00,1,false,false,0,false,false,126
C-1483,SMB,QB_ONLINE,86.06,3,false,false,3,false,false,0
C-NBA-100,SMB,QB_ONLINE,90.00,8,false,false,5,false,false,2
C-1483,SMB,QB_PAYROLL,65.13,3,false,false,2,false,false,1
C-1332,CONSUMER,TURBOTAX,0.00,1,false,false,0,false,false,92
C-1332,CONSUMER,CREDIT_KARMA,0.00,1,true,false,1,false,false,7
C-1389,CONSUMER,TURBOTAX,0.00,1,false,false,0,false,false,222
C-1389,CONSUMER,CREDIT_KARMA,0.00,1,true,false,1,false,false,7
C-1462,CONSUMER,TURBOTAX,0.00,1,false,false,0,false,false,26
C-1462,CONSUMER,CREDIT_KARMA,0.00,1,true,false,1,false,false,6
C-1430,CONSUMER,TURBOTAX,0.00,1,false,false,0,false,false,162
C-1265,CONSUMER,TURBOTAX,0.00,1,false,false,0,false,false,124
C-1435,CONSUMER,TURBOTAX_LIVE,120.00,1,false,true,0,false,false,114
C-1435,CONSUMER,CREDIT_KARMA,0.00,1,true,false,1,false,false,4
C-1426,SMB,QB_ONLINE,86.39,3,false,false,3,false,false,3
C-1426,SMB,QB_PAYROLL,64.99,3,false,false,7,false,false,1
C-1426,SMB,MAILCHIMP,43.31,1,false,false,0,false,false,0
C-1100,CONSUMER,TURBOTAX,0.00,1,false,false,0,false,false,121
C-1100,CONSUMER,CREDIT_KARMA,0.00,1,true,false,1,false,false,7
C-1159,SMB,QB_ONLINE,88.47,3,true,false,7,false,false,3
C-1390,CONSUMER,TURBOTAX,0.00,1,false,false,0,false,false,111
C-1192,CONSUMER,TURBOTAX,0.00,1,false,false,0,false,false,27
C-1377,SMB,QB_ONLINE,85.41,3,false,false,5,false,false,0
C-1377,SMB,MAILCHIMP,47.84,1,false,false,0,false,false,4
C-1461,SMB,QB_ONLINE,89.73,3,true,true,3,false,false,5
C-1461,SMB,QB_PAYROLL,66.99,3,false,false,2,false,false,2
C-1461,SMB,MAILCHIMP,45.08,1,false,false,0,false,false,1
C-1465,SMB,QB_ONLINE,86.24,3,false,false,8,false,false,0
C-1465,SMB,MAILCHIMP,47.80,1,false,false,0,false,false,2
C-1278,SMB,QB_ONLINE,82.77,3,true,false,5,false,false,1
C-1278,SMB,QB_PAYROLL,64.49,3,false,false,6,false,false,2
C-1469,SMB,QB_ONLINE,88.81,3,false,true,3,false,false,2
C-1469,SMB,QB_PAYROLL,63.74,3,true,false,4,false,false,3
C-1242,CONSUMER,TURBOTAX_LIVE,120.00,1,false,true,0,false,false,249
C-1487,CONSUMER,TURBOTAX,0.00,1,false,false,0,false,false,41
C-1316,CONSUMER,TURBOTAX,0.00,1,false,false,0,false,false,292
C-1102,SMB,QB_ONLINE,85.45,3,true,false,8,false,false,5
C-1102,SMB,QB_PAYROLL,66.10,3,false,false,4,false,false,4
C-1315,SMB,QB_ONLINE,87.26,3,true,false,7,false,false,1
C-1113,SMB,QB_ONLINE,82.59,3,false,false,1,false,false,2
C-1113,SMB,QB_PAYROLL,65.48,3,true,false,4,false,false,0
C-1498,SMB,QB_ONLINE,87.71,3,true,true,7,false,false,4
C-1002,SMB,QB_ONLINE,84.92,3,false,false,8,false,false,2
C-1002,SMB,MAILCHIMP,47.21,1,false,false,0,false,false,0
C-1420,CONSUMER,TURBOTAX,0.00,1,false,false,0,false,false,181
C-1420,CONSUMER,CREDIT_KARMA,0.00,1,true,false,1,false,false,6
C-1014,CONSUMER,TURBOTAX_LIVE,120.00,1,false,true,0,false,false,189
C-1014,CONSUMER,CREDIT_KARMA,0.00,1,true,false,1,false,false,5
C-1193,ACCOUNTANT,QB_ONLINE_ADVANCED,236.35,15,true,true,25,false,false,0
C-1085,ACCOUNTANT,QB_ONLINE_ADVANCED,241.33,15,true,true,25,false,false,0
C-1327,SMB,QB_ONLINE,87.03,3,false,false,6,false,false,4
C-1266,SMB,QB_ONLINE,85.56,3,true,false,7,false,false,0
C-1212,CONSUMER,TURBOTAX_LIVE,120.00,1,false,true,0,false,false,166
C-1212,CONSUMER,CREDIT_KARMA,0.00,1,true,false,1,false,false,1
C-1269,SMB,QB_ONLINE,83.60,3,false,true,3,false,false,2
C-1269,SMB,MAILCHIMP,40.66,1,false,false,0,false,false,4
C-1393,CONSUMER,TURBOTAX,0.00,1,false,false,0,false,false,51
C-1004,SMB,QB_ONLINE,88.65,3,true,false,6,false,false,0
C-1004,SMB,QB_PAYROLL,66.29,3,false,false,5,false,false,5
C-1004,SMB,MAILCHIMP,46.89,1,false,false,0,false,false,1
C-1099,SMB,QB_ONLINE,81.15,3,true,true,2,false,false,5
C-1099,SMB,QB_PAYROLL,64.55,3,false,false,6,false,false,4
C-1220,CONSUMER,TURBOTAX_LIVE,120.00,1,false,true,0,false,false,189
C-1186,ACCOUNTANT,QB_ONLINE_ADVANCED,249.87,15,true,true,25,false,false,0
C-1226,ACCOUNTANT,QB_ONLINE_ADVANCED,266.62,15,true,true,25,false,false,0
C-1037,CONSUMER,TURBOTAX,0.00,1,false,false,0,false,false,168
C-1337,CONSUMER,TURBOTAX_LIVE,120.00,1,false,true,0,false,false,15
C-1337,CONSUMER,CREDIT_KARMA,0.00,1,true,false,1,false,false,1
C-1107,SMB,QB_ONLINE,84.02,3,false,false,4,false,false,5
C-1001,CONSUMER,TURBOTAX,0.00,1,false,false,0,false,false,193
C-1001,CONSUMER,CREDIT_KARMA,10.00,1,true,false,1,false,false,6
C-1351,SMB,QB_ONLINE,85.02,3,false,false,7,false,false,1
C-1351,SMB,QB_PAYROLL,66.70,3,false,false,4,false,false,1
C-1351,SMB,MAILCHIMP,49.11,1,false,false,0,false,false,3
C-1347,CONSUMER,TURBOTAX,0.00,1,false,false,0,false,false,269
C-1350,SMB,QB_ONLINE,82.89,3,true,false,3,false,false,2
C-1321,CONSUMER,TURBOTAX,0.00,1,false,false,0,false,false,287
C-1429,CONSUMER,TURBOTAX_LIVE,120.00,1,false,true,0,false,false,214
C-1181,CONSUMER,TURBOTAX_LIVE,120.00,1,false,true,0,false,false,267
C-1181,CONSUMER,CREDIT_KARMA,10.00,1,true,false,1,false,false,1
C-1091,CONSUMER,TURBOTAX,0.00,1,false,false,0,false,false,120
C-1215,ACCOUNTANT,QB_ONLINE_ADVANCED,249.91,15,true,true,25,false,false,0
C-1329,SMB,QB_ONLINE,86.49,3,true,false,8,false,false,5
C-1129,SMB,QB_ONLINE,88.65,3,true,false,4,false,false,1
C-1284,CONSUMER,TURBOTAX,0.00,1,false,false,0,false,false,110
C-1318,CONSUMER,TURBOTAX,0.00,1,false,false,0,false,false,113
C-1402,SMB,QB_ONLINE,83.50,3,false,false,6,false,false,3
C-1020,CONSUMER,TURBOTAX_LIVE,120.00,1,false,true,0,false,false,19
C-1399,SMB,QB_ONLINE,84.55,3,true,false,4,false,false,1
C-1399,SMB,MAILCHIMP,40.56,1,false,false,0,false,false,2
C-1271,SMB,QB_ONLINE,83.81,3,true,false,2,false,false,1
C-1271,SMB,QB_PAYROLL,66.85,3,false,false,3,false,false,4
C-1470,CONSUMER,TURBOTAX,0.00,1,false,false,0,false,false,204
C-1340,SMB,QB_ONLINE,80.13,3,true,true,5,false,false,0
C-1319,SMB,QB_ONLINE,81.81,3,false,false,4,false,false,3
C-1319,SMB,MAILCHIMP,40.28,1,false,false,0,false,false,1
C-1381,CONSUMER,TURBOTAX,0.00,1,false,false,0,false,false,221
C-1381,CONSUMER,CREDIT_KARMA,0.00,1,true,false,1,false,false,4
C-1010,SMB,QB_ONLINE,86.64,3,true,true,4,false,false,4
C-1010,SMB,QB_PAYROLL,66.43,3,false,false,3,false,false,2
C-1143,CONSUMER,TURBOTAX,0.00,1,false,false,0,false,false,116
C-1228,CONSUMER,TURBOTAX,0.00,1,false,false,0,false,false,254
C-1228,CONSUMER,CREDIT_KARMA,10.00,1,true,false,1,false,false,1
C-1447,SMB,QB_ONLINE,82.55,3,true,false,6,false,false,4
C-1447,SMB,QB_PAYROLL,64.63,3,false,false,4,false,false,3
C-1447,SMB,MAILCHIMP,43.18,1,false,false,0,false,false,4
C-1445,SMB,QB_ONLINE,81.58,3,false,true,1,false,false,1
C-1445,SMB,QB_PAYROLL,64.42,3,true,false,8,false,false,1
C-1203,ACCOUNTANT,QB_ONLINE_ADVANCED,248.86,15,true,true,25,false,false,0
C-1173,SMB,QB_ONLINE,81.41,3,true,false,6,false,false,5
C-1173,SMB,QB_PAYROLL,65.91,3,false,false,3,false,false,5
